Workbook

Sheet Hotel rooms + food
B2: room | C2: type | D2: first name | E2: last name | F2: role | G2: country | H2: gender | I2: food requirements | M2: room type | N2: first name | O2: last name | P2: role | Q2: country | R2: gender | S2: food requirements
B3: TRUE | D3: Matej | E3: Bachniček | F3: P | G3: SVK | H3: M | M3: 4 | N3: Matej | O3: Bachniček | P3: P | Q3: SVK | R3: M
B4: TRUE | D4: Lucia | E4: Chladná | F4: P | G4: SVK | H4: F | M4: 4 | N4: Viktor | O4: Imrišek | P4: P | Q4: SVK | R4: M
B5: TRUE | D5: Viktor | E5: Imrišek | F5: P | G5: SVK | H5: M | M5: 4 | N5: Martin | O5: Kopčány | P5: P | Q5: SVK | R5: M
B6: TRUE | D6: Martin | E6: Kopčány | F6: P | G6: SVK | H6: M | J6: Rooms: | K6: 3x4 | M6: 4 | N6: Jakub | O6: Šošovička | P6: P | Q6: SVK | R6: M
B7: TRUE | D7: Eliška | E7: Macáková | F7: P | G7: SVK | H7: F | K7: 4x3 | M7: 4 | N7: Wojciech | O7: Domin | P7: P | Q7: POL | R7: M
B8: TRUE | D8: Jakub | E8: Šošovička | F8: P | G8: SVK | H8: M | K8: 7x2 | M8: 4 | N8: Robert | O8: Kluszczyński | P8: P | Q8: POL | R8: M
B9: TRUE | D9: Michal | E9: Pecho | F9: L | G9: SVK | H9: M | K9: 2x1 | M9: 4 | N9: Stanisław | O9: Lada | P9: P | Q9: POL | R9: M
B10: TRUE | D10: Marián | E10: Poturnay | F10: L | G10: SVK | H10: M | M10: 4 | N10: Wojciech | O10: Malinowski | P10: P | Q10: POL | R10: M
B11: TRUE | D11: Štěpán | E11: Mikéska | F11: P | G11: CZE | H11: M | M11: 4 | N11: Miłosz | O11: Płatek | P11: P | Q11: POL | R11: M
B12: TRUE | D12: Michal | E12: Janík | F12: P | G12: CZE | H12: M | M12: 4 | N12: Patryk | O12: Rosół | P12: P | Q12: POL | R12: M
B13: TRUE | D13: Jakub | E13: Štepo | F13: P | G13: CZE | H13: M | M13: 4 | N13: Mykhailo | O13: Barkulov | P13: P | Q13: UKR | R13: M
B14: TRUE | D14: Erik | E14: Ježek | F14: P | G14: CZE | H14: M | M14: 4 | N14: Denys | O14: Hafych | P14: P | Q14: UKR | R14: M
B15: TRUE | D15: Tereza | E15: Černá | F15: P | G15: CZE | H15: F | I15: Allergy to nuts and peanuts | M15: 3 | N15: Martin | O15: Bierbaumer | P15: P | Q15: AUT | R15: M | S15: Vegetarian
B16: TRUE | D16: Samuel | E16: Rosiar | F16: P | G16: CZE | H16: M | M16: 3 | N16: David | O16: Buchmaier Bofill | P16: P | Q16: AUT | R16: M
B17: TRUE | D17: Radek | E17: Olšák | F17: L | G17: CZE | H17: M | M17: 3 | N17: Paul | O17: Hametner | P17: P | Q17: AUT | R17: M | S17: Vegetarian
B18: TRUE | D18: Zdeněk | E18: Pezlar | F18: L | G18: CZE | H18: M | M18: 3 | N18: Dominik | O18: Pultar | P18: P | Q18: AUT | R18: M
B19: TRUE | D19: Wojciech | E19: Domin | F19: P | G19: POL | H19: M | M19: 3 | N19: Jan | O19: Strehn | P19: P | Q19: AUT | R19: M
B20: TRUE | D20: Robert | E20: Kluszczyński | F20: P | G20: POL | H20: M | M20: 3 | N20: Georg | O20: Weisbier | P20: P | Q20: AUT | R20: M
B21: TRUE | D21: Stanisław | E21: Lada | F21: P | G21: POL | H21: M | M21: 3 | N21: Pavlo | O21: Protsenko | P21: P | Q21: UKR | R21: M
B22: TRUE | D22: Wojciech | E22: Malinowski | F22: P | G22: POL | H22: M | M22: 3 | N22: Daniil | O22: Shvaiko | P22: P | Q22: UKR | R22: M
B23: TRUE | D23: Miłosz | E23: Płatek | F23: P | G23: POL | H23: M | M23: 3 | N23: Mykhailo | O23: Sydorenko | P23: P | Q23: UKR | R23: M
B24: TRUE | D24: Patryk | E24: Rosół | F24: P | G24: POL | H24: M | M24: 3 | N24: Štěpán | O24: Mikéska | P24: P | Q24: CZE | R24: M
B25: TRUE | D25: Konrad | E25: Majewski | F25: L | G25: POL | H25: M | M25: 3 | N25: Michal | O25: Janík | P25: P | Q25: CZE | R25: M
B26: TRUE | D26: Radosław | E26: Żak | F26: L | G26: POL | H26: M | M26: 3 | N26: Jakub | O26: Štepo | P26: P | Q26: CZE | R26: M
B27: TRUE | D27: Mykhailo | E27: Barkulov | F27: P | G27: UKR | H27: M | M27: 2 | N27: Erik | O27: Ježek | P27: P | Q27: CZE | R27: M
B28: TRUE | D28: Denys | E28: Hafych | F28: P | G28: UKR | H28: M | M28: 2 | N28: Samuel | O28: Rosiar | P28: P | Q28: CZE | R28: M
B29: TRUE | D29: Pavlo | E29: Protsenko | F29: P | G29: UKR | H29: M | M29: 2 | N29: Michal | O29: Pecho | P29: L | Q29: SVK | R29: M
... B34: TRUE | D34: Nhok Tkhai Shon | E34: Ngo | F34: L | G34: UKR | H34: M | M34: 2 | N34: Radosław | O34: Żak | P34: L | Q34: POL | R34: M
B35: TRUE | D35: Martin | E35: Bierbaumer | F35: P | G35: AUT | H35: M | I35: Vegetarian | M35: 2 | N35: Moritz | O35: Hiebler | P35: L | Q35: AUT | R35: M
B36: TRUE | D36: David | E36: Buchmaier Bofill | F36: P | G36: AUT | H36: M | M36: 2 | N36: Lorenz | O36: Hübel | P36: L | Q36: AUT | R36: M
B37: TRUE | D37: Paul | E37: Hametner | F37: P | G37: AUT | H37: M | I37: Vegetarian | M37: 2 | N37: Lucia | O37: Chladná | P37: P | Q37: SVK | R37: F
B38: TRUE | D38: Dominik | E38: Pultar | F38: P | G38: AUT | H38: M | M38: 2 | N38: Eliška | O38: Macáková | P38: P | Q38: SVK | R38: F
B39: TRUE | D39: Jan | E39: Strehn | F39: P | G39: AUT | H39: M | M39: 2 | N39: Tereza | O39: Černá | P39: P | Q39: CZE | R39: F | S39: Allergy to nuts and peanuts
B40: TRUE | D40: Georg | E40: Weisbier | F40: P | G40: AUT | H40: M | M40: 2 | N40: Maryna | O40: Spektrova | P40: P | Q40: UKR | R40: F
B41: TRUE | D41: Moritz | E41: Hiebler | F41: L | G41: AUT | H41: M | M41: 1 | N41: Nika | O41: Kocherha | P41: L | Q41: UKR | R41: F
B42: TRUE | D42: Lorenz | E42: Hübel | F42: L | G42: AUT | H42: M

Sheet program-2023
A2: June 18-21, 2023
A3: ISTA
A5: Program
A8: 45095
B9: Start | C9: End | D9: Activity -- contestants | E9: Activity -- leaders | F9: Activity -- org team | G9: Activity -- coordinators | H9: Location | I9: Details | J9: Comments
B10: 0.58333333 | C10: ?? | D10: Arrival at the hotel | H10: Hotel Anker | I10: Niedermarkt 5, 3400 Klosterneuburg
B11: 0.75 | C11: 0.875 | D11: Dinner (at the hotel) | H11: Hotel Anker | I11: Niedermarkt 5, 3400 Klosterneuburg
A14: 45096
B15: Start | C15: End | D15: Activity -- contestants | E15: Activity -- leaders | F15: Activity -- org team | G15: Activity -- coordinators | H15: Location | I15: Details | J15: Comments
B16: ?? | C16: 0.32291667 | D16: Breakfast | H16: Hotel Anker
B17: 0.31944444 | D17: Departure to ISTA (7:57 bus 400 from Klosterneuburg Kierling Bahnhof) | H17: meet at the hotel lobby
C18: 0.35416667 | F18: prepare the room | H18: ISTA: Mondi 2 | I18: 30 desks, 3 folders/person, paper, flags?
B19: 0.35416667 | C19: 0.36458333 | E19: explain the rules, start the competition
B20: 0.36458333 | C20: 0.38541667 | D20: Competition | E20: answer questions
B21: 0.38541667 | C21: 0.5 | E21: monitor the students
B22: 0.5 | C22: 0.54166667 | E22: Lunch | G22: Lunch (caffeteria) 12:15
B23: 0.54166667 | C23: 0.55208333 | E23: close the competition
B24: 0.55208333 | C24: 0.5625 | D24: buffet | F24: scan the solutions | G24: scan the solutions
B25: 0.5625 | C25: 0.58333333 | D25: Lunch cafeteria
B26: 0.58333333 | C26: 0.8125 | E26: Grading + coordination | H26: ISTA: Mondi 2
B27: ?? | C27: ?? | D27: Dinner (at the hotel) | H27: Hotel Anker | I27: bus 400 leaves IST every xx:14 and xx:44
A29: 45097
B30: Start | C30: End | D30: Activity -- contestants | E30: Activity -- leaders | F30: Activity -- org team | G30: Activity -- coordinators | H30: Location | I30: Details | J30: Comments
B31: ?? | C31: 0.32291667 | D31: Breakfast | H31: Hotel Anker
B32: 0.31944444 | D32: Departure to ISTA (7:57 bus 400 from Klosterneuburg Kierling Bahnhof) | H32: meet at the hotel lobby
C33: 0.35416667 | F33: prepare the room | H33: ISTA: Mondi 2 | I33: 30 desks, 3 folders/person, paper, flags?
B34: 0.36458333 | C34: 0.38541667 | D34: Competition | E34: explain the rules, answer questions
B35: 0.38541667 | C35: 0.5 | E35: monitor the students
B36: 0.5 | C36: 0.54166667 | E36: Lunch | F36: monitor the students | G36: Lunch (cafeteria) 12:15
B37: 0.54166667 | C37: 0.55208333 | E37: close the competition
B38: 0.55208333 | C38: 0.5625 | D38: buffer | F38: scan the solutions | G38: scan the solutions
B39: 0.5625 | C39: 0.58333333 | D39: Lunch terrace of cetral building Then IST tour? Soccer field?
B40: 0.58333333 | C40: 0.8125 | E40: Grading + coordination | H40: ISTA: Mondi 2
B41: 0.8125 | C41: ?? | D41: Dinner celebration | H41: Redlingerhütte/Chateau Kierling | I41: bus 400 leaves IST every xx:14 and xx:44
A44: 45098
B45: Start | C45: End | D45: Activity | H45: Room | I45: Details | J45: Comments
B46: 0.375 | C46: 0.4375 | D46: Award Ceremony | H46: ?? (e.g. RLH / Ballroom) | I46: Catering? 45 people, Think and Drink Buffet | J46: Talk by Tim Browning?
A47: Individual departure from hotel
A48: recommended departarture times:
A49: 7:57 bus 400 from Klosterneuburg Kierling Bahnhof

Sheet Coordination schedule
B2: 45096 | D2: Reading through solutions: 14:00 -- 16:00
D3: Coordination: 16:20 -- 19:00
C5: CZE | D5: UKR | E5: SVK | F5: AUT | G5: POL
B6: PROBLEM 1 | C6: 0.68055556 | D6: 0.69444444 | E6: 0.70833333 | F6: 0.72222222 | G6: 0.73611111
B8: PROBLEM 2 | C8: 0.72222222 | D8: 0.73611111 | E8: 0.69444444 | F8: 0.68055556 | G8: 0.70833333
B10: PROBLEM 3 | C10: 0.73611111 | D10: 0.72222222 | E10: 0.68055556 | F10: 0.70833333 | G10: 0.69444444
B13: 45097 | D13: Reading through solutions: 14:00 -- 16:00
D14: Coordination: 16:20 -- 19:00
C16: CZE | D16: POL | E16: SVK | F16: AUT | G16: UKR
B17: PROBLEM 1 | C17: 0.72222222 | D17: 0.73611111 | E17: 0.68055556 | F17: 0.69444444 | G17: 0.70833333
B19: PROBLEM 2 | C19: 0.69444444 | D19: 0.70833333 | E19: 0.72222222 | F19: 0.73611111 | G19: 0.68055556
B21: PROBLEM 3 | C21: 0.73611111 | D21: 0.68055556 | E21: 0.69444444 | F21: 0.70833333 | G21: 0.72222222

Sheet Results
E3: DAY 1 | I3: DAY 2 | M3: Sum
E4: Problem 1 | F4: Problem 2 | G4: Problem 3 | I4: Problem 4 | J4: Problem 5 | K4: Problem 6
A6: Martin | B6: Bierbaumer | C6: AUT-1 | E6: 5 | F6: 7 | G6: 1 | I6: 5 | J6: 2 | K6: 4 | M6: =SUM(E6:K6) -> 24
A7: David | B7: Buchmaier Bofill | C7: AUT-2 | E7: 1 | F7: 1 | G7: 0 | I7: 7 | J7: 0 | K7: 0 | M7: =SUM(E7:K7) -> 9
A8: Paul | B8: Hametner | C8: AUT-3 | E8: 7 | F8: 7 | G8: 0 | I8: 7 | J8: 2 | K8: 0 | M8: =SUM(E8:K8) -> 23
A9: Dominik | B9: Pultar | C9: AUT-4 | E9: 0 | F9: 3 | G9: 0 | I9: 7 | J9: 1 | K9: 5 | M9: =SUM(E9:K9) -> 16
A10: Jan | B10: Strehn | C10: AUT-5 | E10: 4 | F10: 0 | G10: 0 | I10: 5 | J10: 7 | K10: 0 | M10: =SUM(E10:K10) -> 16
A11: Georg | B11: Weisbier | C11: AUT-6 | E11: 7 | F11: 0 | G11: 0 | I11: 0 | J11: 7 | K11: 0 | M11: =SUM(E11:K11) -> 14
A13: Tereza | B13: Černá | C13: CZE-1 | E13: 4 | F13: 0 | G13: 0 | I13: 4 | J13: 1 | K13: 0 | M13: =SUM(E13:K13) -> 9
A14: Michal | B14: Janík | C14: CZE-2 | E14: 6 | F14: 0 | G14: 1 | I14: 7 | J14: 7 | K14: 0 | M14: =SUM(E14:K14) -> 21
A15: Erik | B15: Ježek | C15: CZE-3 | E15: 6 | F15: 3 | G15: 0 | I15: 6 | J15: 7 | K15: 1 | M15: =SUM(E15:K15) -> 23
A16: Štěpán | B16: Mikéska | C16: CZE-4 | E16: 6 | F16: 7 | G16: 0 | I16: 3 | J16: 0 | K16: 0 | M16: =SUM(E16:K16) -> 16
A17: Samuel | B17: Rosiar | C17: CZE-5 | E17: 6 | F17: 2 | G17: 0 | I17: 7 | J17: 7 | K17: 3 | M17: =SUM(E17:K17) -> 25
A18: Jakub | B18: Štepo | C18: CZE-6 | E18: 7 | F18: 0 | G18: 1 | I18: 7 | J18: 7 | K18: 0 | M18: =SUM(E18:K18) -> 22
... A39: Mykhailo | B39: Sydorenko | C39: UKR-6 | E39: 6 | F39: 0 | G39: 7 | I39: 5 | J39: 7 | K39: 0 | M39: =SUM(E39:K39) -> 25

Sheet Results sorted
F1: DAY 1 | J1: DAY 2
F2: Problem 1 | G2: Problem 2 | H2: Problem 3 | J2: Problem 4 | K2: Problem 5 | L2: Problem 6 | N2: SUM | O2: medal
A4: 1 | B4: {=SORT({Results!A6:M11;Results!A13:M18;Results!A20:M25;Results!A27:M32;Results!A34:M39},13,FALSE,2,true)} -> Jakub | C4: Šošovička | D4: SVK-6 | F4: 3 | G4: 5 | H4: 4 | J4: 5 | K4: 7 | L4: 4 | N4: 28 | O4: G | Q4: AUT: | R4: =SUMIF(D4:D33,"*AUT*",N4:N33) -> 102
A5: 2 | B5: Daniil | C5: Shvaiko | D5: UKR-4 | F5: 7 | G5: 3 | H5: 0 | J5: 7 | K5: 7 | L5: 3 | N5: 27 | O5: G | Q5: CZE: | R5: =SUMIF(D4:D33,"*CZE*",N4:N33) -> 116
A6: 3 | B6: Maryna | C6: Spektrova | D6: UKR-5 | F6: 2 | G6: 3 | H6: 7 | J6: 7 | K6: 7 | L6: 0 | N6: 26 | O6: G | Q6: POL: | R6: =SUMIF(D4:D33,"*POL*",N4:N33) -> 100
A7: 4 | B7: Eliška | C7: Macáková | D7: SVK-5 | F7: 6 | G7: 7 | H7: 1 | J7: 4 | K7: 7 | L7: 0 | N7: 25 | O7: S | Q7: SVK: | R7: =SUMIF(D4:D33,"*SVK*",N4:N33) -> 113
B8: Samuel | C8: Rosiar | D8: CZE-5 | F8: 6 | G8: 2 | H8: 0 | J8: 7 | K8: 7 | L8: 3 | N8: 25 | O8: S | Q8: UKR: | R8: =SUMIF(D4:D33,"*UKR*",N4:N33) -> 125
B9: Mykhailo | C9: Sydorenko | D9: UKR-6 | F9: 6 | G9: 0 | H9: 7 | J9: 5 | K9: 7 | L9: 0 | N9: 25 | O9: S
A10: 7 | B10: Martin | C10: Bierbaumer | D10: AUT-1 | F10: 5 | G10: 7 | H10: 1 | J10: 5 | K10: 2 | L10: 4 | N10: 24 | O10: S
A11: 8 | B11: Paul | C11: Hametner | D11: AUT-3 | F11: 7 | G11: 7 | H11: 0 | J11: 7 | K11: 2 | L11: 0 | N11: 23 | O11: B
B12: Erik | C12: Ježek | D12: CZE-3 | F12: 6 | G12: 3 | H12: 0 | J12: 6 | K12: 7 | L12: 1 | N12: 23 | O12: B
A13: 10 | B13: Jakub | C13: Štepo | D13: CZE-6 | F13: 7 | G13: 0 | H13: 1 | J13: 7 | K13: 7 | L13: 0 | N13: 22 | O13: B
A14: 11 | B14: Michal | C14: Janík | D14: CZE-2 | F14: 6 | G14: 0 | H14: 1 | J14: 7 | K14: 7 | L14: 0 | N14: 21 | O14: B
A15: 12 | B15: Mykhailo | C15: Barkulov | D15: UKR-1 | F15: 6 | G15: 2 | H15: 0 | J15: 5 | K15: 7 | L15: 0 | N15: 20 | O15: B
B16: Robert | C16: Kluszczyński | D16: POL-2 | F16: 6 | G16: 0 | H16: 0 | J16: 7 | K16: 7 | L16: 0 | N16: 20 | O16: B
A17: 14 | B17: Miłosz | C17: Płatek | D17: POL-5 | F17: 5 | G17: 0 | H17: 1 | J17: 6 | K17: 7 | L17: 0 | N17: 19 | O17: B
A18: 15 | B18: Patryk | C18: Rosół | D18: POL-6 | F18: 5 | G18: 0 | H18: 0 | J18: 6 | K18: 7 | L18: 0 | N18: 18 | O18: B
A19: 16 | B19: Matej | C19: Bachniček | D19: SVK-1 | F19: 7 | G19: 2 | H19: 0 | J19: 7 | K19: 0 | L19: 0 | N19: 16 | O19: HM
B20: Lucia | C20: Chladná | D20: SVK-2 | F20: 6 | G20: 0 | H20: 1 | J20: 2 | K20: 7 | L20: 0 | N20: 16 | O20: HM
B21: Denys | C21: Hafych | D21: UKR-2 | F21: 3 | G21: 0 | H21: 0 | J21: 6 | K21: 7 | L21: 0 | N21: 16 | O21: HM
B22: Viktor | C22: Imrišek | D22: SVK-3 | F22: 7 | G22: 1 | H22: 0 | J22: 7 | K22: 1 | L22: 0 | N22: 16 | O22: HM
B23: Štěpán | C23: Mikéska | D23: CZE-4 | F23: 6 | G23: 7 | H23: 0 | J23: 3 | K23: 0 | L23: 0 | N23: 16 | O23: HM
B24: Dominik | C24: Pultar | D24: AUT-4 | F24: 0 | G24: 3 | H24: 0 | J24: 7 | K24: 1 | L24: 5 | N24: 16 | O24: HM
B25: Jan | C25: Strehn | D25: AUT-5 | F25: 4 | G25: 0 | H25: 0 | J25: 5 | K25: 7 | L25: 0 | N25: 16 | O25: HM
A26: 23 | B26: Wojciech | C26: Domin | D26: POL-1 | F26: 6 | G26: 0 | H26: 0 | J26: 6 | K26: 0 | L26: 3 | N26: 15
B27: Wojciech | C27: Malinowski | D27: POL-4 | F27: 7 | G27: 1 | H27: 0 | J27: 7 | K27: 0 | L27: 0 | N27: 15 | O27: HM
A28: 25 | B28: Georg | C28: Weisbier | D28: AUT-6 | F28: 7 | G28: 0 | H28: 0 | J28: 0 | K28: 7 | L28: 0 | N28: 14 | O28: HM
A29: 26 | B29: Stanisław | C29: Lada | D29: POL-3 | F29: 7 | G29: 0 | H29: 0 | J29: 6 | K29: 0 | L29: 0 | N29: 13 | O29: HM
A30: 27 | B30: Martin | C30: Kopčány | D30: SVK-4 | F30: 7 | G30: 0 | H30: 0 | J30: 3 | K30: 0 | L30: 2 | N30: 12 | O30: HM
A31: 28 | B31: Pavlo | C31: Protsenko | D31: UKR-3 | F31: 7 | G31: 0 | H31: 0 | J31: 3 | K31: 1 | L31: 0 | N31: 11 | O31: HM
A32: 29 | B32: David | C32: Buchmaier Bofill | D32: AUT-2 | F32: 1 | G32: 1 | H32: 0 | J32: 7 | K32: 0 | L32: 0 | N32: 9 | O32: HM
B33: Tereza | C33: Černá | D33: CZE-1 | F33: 4 | G33: 0 | H33: 0 | J33: 4 | K33: 1 | L33: 0 | N33: 9
F34: =Round(SUM(F4:F33)/30,2) -> 5.4 | G34: =Round(SUM(G4:G33)/30,2) -> 1.8 | H34: =Round(SUM(H4:H33)/30,2) -> 0.8 | I34: =Round(SUM(I4:I33)/30,2) -> 0 | J34: =Round(SUM(J4:J33)/30,2) -> 5.47 | K34: =Round(SUM(K4:K33)/30,2) -> 4.23 | L34: =Round(SUM(L4:L33)/30,2) -> 0.83

Sheet Final Standings
A1: Czech-Austrian-Polish-Slovak Match (CAPS)
A2: With Ukraine as a guest country
A3: Institute of Science and Technology Austria, June 2023
A5: Rank | B5: Name | D5: Country | E5: P1 | F5: P2 | G5: P3 | H5: P4 | I5: P5 | J5: P6 | K5: Total | L5: medal
A6: ='Results sorted'!A4 -> 1 | B6: ='Results sorted'!B4 -> Jakub | C6: ='Results sorted'!C4 -> Šošovička | D6: =left('Results sorted'!D4,3) -> SVK | E6: ='Results sorted'!F4 -> 3 | F6: ='Results sorted'!G4 -> 5 | G6: ='Results sorted'!H4 -> 4 | H6: ='Results sorted'!J4 -> 5 | I6: ='Results sorted'!K4 -> 7 | J6: ='Results sorted'!L4 -> 4 | K6: =SUM(E6:J6) -> 28 | L6: ='Results sorted'!O4 -> G
A7: ='Results sorted'!A5 -> 2 | B7: ='Results sorted'!B5 -> Daniil | C7: ='Results sorted'!C5 -> Shvaiko | D7: =left('Results sorted'!D5,3) -> UKR | E7: ='Results sorted'!F5 -> 7 | F7: ='Results sorted'!G5 -> 3 | G7: ='Results sorted'!H5 -> 0 | H7: ='Results sorted'!J5 -> 7 | I7: ='Results sorted'!K5 -> 7 | J7: ='Results sorted'!L5 -> 3 | K7: =SUM(E7:J7) -> 27 | L7: ='Results sorted'!O5 -> G
A8: ='Results sorted'!A6 -> 3 | B8: ='Results sorted'!B6 -> Maryna | C8: ='Results sorted'!C6 -> Spektrova | D8: =left('Results sorted'!D6,3) -> UKR | E8: ='Results sorted'!F6 -> 2 | F8: ='Results sorted'!G6 -> 3 | G8: ='Results sorted'!H6 -> 7 | H8: ='Results sorted'!J6 -> 7 | I8: ='Results sorted'!K6 -> 7 | J8: ='Results sorted'!L6 -> 0 | K8: =SUM(E8:J8) -> 26 | L8: ='Results sorted'!O6 -> G
A9: ='Results sorted'!A7 -> 4 | B9: ='Results sorted'!B7 -> Eliška | C9: ='Results sorted'!C7 -> Macáková | D9: =left('Results sorted'!D7,3) -> SVK | E9: ='Results sorted'!F7 -> 6 | F9: ='Results sorted'!G7 -> 7 | G9: ='Results sorted'!H7 -> 1 | H9: ='Results sorted'!J7 -> 4 | I9: ='Results sorted'!K7 -> 7 | J9: ='Results sorted'!L7 -> 0 | K9: =SUM(E9:J9) -> 25 | L9: ='Results sorted'!O7 -> S
A10: ='Results sorted'!A8 | B10: ='Results sorted'!B8 -> Samuel | C10: ='Results sorted'!C8 -> Rosiar | D10: =left('Results sorted'!D8,3) -> CZE | E10: ='Results sorted'!F8 -> 6 | F10: ='Results sorted'!G8 -> 2 | G10: ='Results sorted'!H8 -> 0 | H10: ='Results sorted'!J8 -> 7 | I10: ='Results sorted'!K8 -> 7 | J10: ='Results sorted'!L8 -> 3 | K10: =SUM(E10:J10) -> 25 | L10: ='Results sorted'!O8 -> S
A11: ='Results sorted'!A9 | B11: ='Results sorted'!B9 -> Mykhailo | C11: ='Results sorted'!C9 -> Sydorenko | D11: =left('Results sorted'!D9,3) -> UKR | E11: ='Results sorted'!F9 -> 6 | F11: ='Results sorted'!G9 -> 0 | G11: ='Results sorted'!H9 -> 7 | H11: ='Results sorted'!J9 -> 5 | I11: ='Results sorted'!K9 -> 7 | J11: ='Results sorted'!L9 -> 0 | K11: =SUM(E11:J11) -> 25 | L11: ='Results sorted'!O9 -> S
A12: ='Results sorted'!A10 -> 7 | B12: ='Results sorted'!B10 -> Martin | C12: ='Results sorted'!C10 -> Bierbaumer | D12: =left('Results sorted'!D10,3) -> AUT | E12: ='Results sorted'!F10 -> 5 | F12: ='Results sorted'!G10 -> 7 | G12: ='Results sorted'!H10 -> 1 | H12: ='Results sorted'!J10 -> 5 | I12: ='Results sorted'!K10 -> 2 | J12: ='Results sorted'!L10 -> 4 | K12: =SUM(E12:J12) -> 24 | L12: ='Results sorted'!O10 -> S
A13: ='Results sorted'!A11 -> 8 | B13: ='Results sorted'!B11 -> Paul | C13: ='Results sorted'!C11 -> Hametner | D13: =left('Results sorted'!D11,3) -> AUT | E13: ='Results sorted'!F11 -> 7 | F13: ='Results sorted'!G11 -> 7 | G13: ='Results sorted'!H11 -> 0 | H13: ='Results sorted'!J11 -> 7 | I13: ='Results sorted'!K11 -> 2 | J13: ='Results sorted'!L11 -> 0 | K13: =SUM(E13:J13) -> 23 | L13: ='Results sorted'!O11 -> B
A14: ='Results sorted'!A12 | B14: ='Results sorted'!B12 -> Erik | C14: ='Results sorted'!C12 -> Ježek | D14: =left('Results sorted'!D12,3) -> CZE | E14: ='Results sorted'!F12 -> 6 | F14: ='Results sorted'!G12 -> 3 | G14: ='Results sorted'!H12 -> 0 | H14: ='Results sorted'!J12 -> 6 | I14: ='Results sorted'!K12 -> 7 | J14: ='Results sorted'!L12 -> 1 | K14: =SUM(E14:J14) -> 23 | L14: ='Results sorted'!O12 -> B
A15: ='Results sorted'!A13 -> 10 | B15: ='Results sorted'!B13 -> Jakub | C15: ='Results sorted'!C13 -> Štepo | D15: =left('Results sorted'!D13,3) -> CZE | E15: ='Results sorted'!F13 -> 7 | F15: ='Results sorted'!G13 -> 0 | G15: ='Results sorted'!H13 -> 1 | H15: ='Results sorted'!J13 -> 7 | I15: ='Results sorted'!K13 -> 7 | J15: ='Results sorted'!L13 -> 0 | K15: =SUM(E15:J15) -> 22 | L15: ='Results sorted'!O13 -> B
A16: ='Results sorted'!A14 -> 11 | B16: ='Results sorted'!B14 -> Michal | C16: ='Results sorted'!C14 -> Janík | D16: =left('Results sorted'!D14,3) -> CZE | E16: ='Results sorted'!F14 -> 6 | F16: ='Results sorted'!G14 -> 0 | G16: ='Results sorted'!H14 -> 1 | H16: ='Results sorted'!J14 -> 7 | I16: ='Results sorted'!K14 -> 7 | J16: ='Results sorted'!L14 -> 0 | K16: =SUM(E16:J16) -> 21 | L16: ='Results sorted'!O14 -> B
A17: ='Results sorted'!A15 -> 12 | B17: ='Results sorted'!B15 -> Mykhailo | C17: ='Results sorted'!C15 -> Barkulov | D17: =left('Results sorted'!D15,3) -> UKR | E17: ='Results sorted'!F15 -> 6 | F17: ='Results sorted'!G15 -> 2 | G17: ='Results sorted'!H15 -> 0 | H17: ='Results sorted'!J15 -> 5 | I17: ='Results sorted'!K15 -> 7 | J17: ='Results sorted'!L15 -> 0 | K17: =SUM(E17:J17) -> 20 | L17: ='Results sorted'!O15 -> B
... A35: ='Results sorted'!A33 | B35: ='Results sorted'!B33 -> Tereza | C35: ='Results sorted'!C33 -> Černá | D35: =left('Results sorted'!D33,3) -> CZE | E35: ='Results sorted'!F33 -> 4 | F35: ='Results sorted'!G33 -> 0 | G35: ='Results sorted'!H33 -> 0 | H35: ='Results sorted'!J33 -> 4 | I35: ='Results sorted'!K33 -> 1 | J35: ='Results sorted'!L33 -> 0 | K35: =SUM(E35:J35) -> 9 | L35: ='Results sorted'!O33
